Title,Company,Location,Benefits
Python AI Developer,Seven Hills Group Technologies inc.,"Dallas, TX 75201 
(Downtown area)",
Python Developer,Jhex.inc,"Cupertino, CA 95014 
(Garden Gate area)","401(k), Health insurance, Paid time off, Vision insurance, Dental insurance"
Senior Python Developer,Master Compliance Inc,"Tampa, FL 33603 
(Tampa Heights area)",Visa sponsorship
Lead Python Developer,One IT Corp,"Philadelphia, PA 19102 
(Logan Square area)",
Python Developer,Alasus Technologies,"McLean, VA",
Python Developer,omega solutions inc,"Tampa, FL",
Python Developer,Fixity Technologies LLC,"Irvine, CA","Health insurance, Paid time off"
Principal Software Engineer - Python,Code Metal,"Boston, MA",
Python Developer II,RF-SMART,"Hybrid work in Jacksonville, FL",
Python Developer,Calypso Way,Remote,Visa sponsorship
Python Developer - TS/SCI w/Poly - Herndon//Chantilly Va.,SpatialGIS LLC,"Chantilly, VA 20151",
Sr. Python Developer,Rapideagle,"Denver, CO 80202 
(North Capitol Hill area)","Health insurance, Paid time off, Dental insurance"
Senior Software Engineer - Python,Code Metal,"Boston, MA","Health insurance, 401(k) matching, Paid time off, Vision insurance, 401(k) 5% Match"
,,,
Python Programmer,"Cypress Global Services, Inc","Columbus, OH",
Python Developer,Fixity Technologies LLC,"Irvine, CA","Health insurance, Paid time off"
